Feature Model,Number of Features,Number of Mandatory Features,Number of Top Features,Number of Leaf Features, Depth of Tree Max,Cognitive Complexity of Feature Model,Feature Extensibility,Flexibility of Configuration,Single Cylic Dependent Features,Multiple Cyclic Dependent Features,Number of Features Referenced in Constraints Mean,Ratio of Variability,Number of Valid Configurations,Number of Groups OR,Number of Groups XOR
eshop,10,3,4,6,3,2,8,0.2,1,1,1.0,1.8333333333333333,9.0,1,1
e-commerce,56,5,11,42,5,12,47,0.125,1,4,0.0,2.576923076923077,8.2485460992E11,11,1
Livraria Online,28,6,6,22,4,3,27,0.42857142857142855,2,3,1.0,3.3333333333333335,58080.0,2,1
GreenHouse_Control_and_Monitoring,31,15,2,21,4,0,21,0.4838709677419355,0,0,1.0,3.0,3712.0,0,0
Strategy Mobile Game,33,6,6,22,5,8,30,0.15151515151515152,6,2,1.0,2.1052631578947367,9198.0,1,7
Match engine,10,3,7,8,3,2,8,0.4,0,0,0.0,2.75,16.0,1,1
Match de foot,11,6,6,9,2,0,9,0.36363636363636365,0,0,0.0,5.0,16.0,0,0
Mobile media v4,14,11,2,9,3,0,9,0.14285714285714285,0,0,0.0,2.6,4.0,0,0
CFDP Library,13,0,1,8,3,1,11,0.6153846153846154,0,3,1.0,2.1666666666666665,319.0,1,0
Homepage based on wiki,13,5,2,8,4,2,8,0.23076923076923078,0,0,0.0,2.0,28.0,1,1
Cars xpto,15,4,2,8,5,4,8,0.13333333333333333,0,0,0.0,1.6363636363636365,72.0,2,2
NovoSiga,11,3,6,8,5,2,9,0.2727272727272727,1,0,1.0,2.4,20.0,0,2
Reuso - UFRJ - Eclipse1,72,17,7,47,5,7,49,0.5555555555555556,2,0,1.0,2.4375,2.2552880544E10,0,7
e-foramation,26,6,3,15,8,8,15,0.038461538461538464,0,0,0.0,1.736842105263158,1260.0,3,5
Video Player,71,23,6,53,5,5,53,0.16901408450704225,0,0,0.0,3.260869565217391,4.500649880064E13,5,0
NovoSiga,11,3,6,8,5,2,9,0.2727272727272727,1,0,1.0,2.4,20.0,0,2
Movie System,13,4,4,7,4,3,7,0.15384615384615385,0,0,0.0,1.6666666666666667,24.0,0,3
WebCollaboration,40,9,2,29,4,2,29,0.525,0,0,0.0,3.1538461538461537,4.42368E7,2,0
Multiplicador de n matrices,12,2,4,8,3,3,8,0.16666666666666666,0,0,0.0,2.0,18.0,0,3
Car PL,14,2,4,9,4,2,10,0.42857142857142855,1,0,1.0,2.142857142857143,88.0,0,2
Digital_Video_System,26,7,6,16,3,0,16,0.6923076923076923,0,0,1.0,2.5,22680.0,0,0
Telefonia Celular,10,1,5,7,3,2,8,0.4,1,0,1.0,2.2,36.0,1,1
Telecommunication_System,12,3,3,6,4,2,7,0.25,1,0,1.0,1.625,18.0,0,2
agis,24,7,6,16,5,4,20,0.2916666666666667,3,1,0.0,2.25,354.0,1,3
Assess4me,40,19,4,24,6,5,24,0.2,0,0,0.0,2.0952380952380953,6144.0,1,4
Web Content Delivery,15,1,5,10,5,4,17,0.26666666666666666,5,2,0.0,2.0,23.0,1,3
Mobile Media v3,11,9,2,7,3,0,7,0.09090909090909091,0,0,0.0,2.5,2.0,0,0
Mobile Media v7,23,15,3,14,4,1,14,0.21739130434782608,0,0,0.0,2.3,80.0,1,0
VODPlayer,11,3,6,8,3,1,8,0.45454545454545453,0,0,0.0,2.75,48.0,0,1
Mobile Media v8,26,16,3,16,4,1,16,0.23076923076923078,0,0,0.0,2.3636363636363638,272.0,1,0
WebApp,10,1,4,7,3,0,7,0.8,0,0,0.0,3.0,160.0,0,0
Agent Illustration System,37,20,10,26,3,2,26,0.21621621621621623,0,0,0.0,2.923076923076923,57600.0,2,0
Electronic Drum,52,15,5,36,5,11,36,0.019230769230769232,0,0,0.0,2.2962962962962963,331776.0,0,11
Lucas - pnp,25,8,11,19,3,5,25,0.12,4,2,1.0,2.6363636363636362,4032.0,3,2
CCCMS,12,3,6,9,3,1,9,0.3333333333333333,0,0,0.0,3.0,240.0,1,0
Heroku,26,3,5,18,4,6,18,0.15384615384615385,0,0,0.0,2.2142857142857144,1400.0,0,6
Software-Product,15,6,6,9,2,0,9,0.5333333333333333,0,0,0.0,2.3333333333333335,256.0,0,0
Voice Recording System,20,13,1,14,3,0,14,0.3,0,0,0.0,3.1666666666666665,64.0,0,0
AllSports Feature Model,10,2,4,7,3,2,9,0.2,0,2,1.0,2.2,24.0,2,0
VMTools-RA,40,13,3,26,6,4,26,0.35,0,0,1.0,2.388888888888889,737280.0,3,1
UPT TAM,15,5,2,8,5,4,8,0.06666666666666667,0,0,0.0,1.6363636363636365,40.0,2,2
Assistente de Compras,11,4,4,6,4,2,6,0.18181818181818182,0,0,0.0,1.7142857142857142,24.0,1,1
Mobile media v5,15,11,2,10,3,0,10,0.2,0,0,0.0,2.8,8.0,0,0
Jogo,12,10,1,8,3,0,8,0.08333333333333333,0,0,1.0,2.75,2.0,0,0
Inmobiliaria,37,15,3,28,6,3,28,0.35135135135135137,0,0,1.0,3.25,60480.0,2,1
ClassicShell,65,3,4,48,4,14,56,0.24615384615384617,8,0,1.0,2.5161290322580645,3.592512E8,0,14
JCS,12,1,6,9,3,2,11,0.4166666666666667,0,2,0.0,2.6,96.0,1,1
Text To Speech App,34,5,7,24,5,8,26,0.11764705882352941,2,0,1.0,2.2777777777777777,267840.0,3,5
Web Game,16,6,6,9,3,2,9,0.3125,0,0,0.0,1.8888888888888888,60.0,2,0
Toko,48,15,7,32,5,7,33,0.2708333333333333,0,1,1.0,2.347826086956522,2970240.0,4,3
Mobile Media 2,43,12,15,32,5,7,34,0.23255813953488372,0,2,0.0,2.7222222222222223,2128896.0,4,3
Visual Data Graph,18,4,5,13,3,3,13,0.2222222222222222,0,0,0.0,2.5,1792.0,2,1
SIGA-lctf-fta,17,7,8,12,5,3,12,0.11764705882352941,0,0,0.0,2.375,196.0,3,0
deepak_fm,28,17,5,22,3,1,22,0.2857142857142857,0,0,0.0,4.0,512.0,0,1
Mobile Tourist Planner,10,3,4,7,3,2,7,0.1,0,0,0.0,2.2,28.0,1,1
social network applications,31,8,9,22,4,4,27,0.3870967741935484,0,5,1.0,2.6153846153846154,43200.0,4,0
Reservation,12,0,1,9,6,3,9,0.0,0,0,0.0,2.3333333333333335,9.0,0,3
Toko,19,6,5,11,4,0,11,0.631578947368421,0,0,0.0,2.25,1600.0,0,0
Monitor Engine,20,10,2,13,4,7,13,0.1,0,0,0.0,1.8571428571428572,4.0,2,5
Buzzard Radio play DB,14,2,8,12,4,4,14,0.21428571428571427,0,2,1.0,2.8333333333333335,448.0,4,0
StoreFrontSystem,22,8,7,15,6,4,15,0.18181818181818182,0,0,0.0,2.272727272727273,1216.0,4,0
Weather Station,11,2,3,7,3,3,9,0.09090909090909091,0,2,1.0,1.8571428571428572,44.0,2,1
Smartwatch,14,4,2,10,4,3,10,0.42857142857142855,0,0,0.0,2.2857142857142856,64.0,0,3
B2B Website,24,18,3,18,4,0,18,0.20833333333333334,0,0,0.0,3.8333333333333335,32.0,0,0
MiniTV,14,5,4,11,2,1,11,0.21428571428571427,0,0,0.0,3.5,248.0,1,0
Fórum de Discussão do AVA SOLAR,40,16,7,27,5,5,27,0.225,0,0,0.0,2.4444444444444446,82944.0,0,5
Modelo de Característica para Entidades Urbanas,11,1,10,10,1,0,10,0.8181818181818182,0,0,0.0,10.0,512.0,0,0
Sisgeo,16,3,3,12,4,2,14,0.125,0,2,1.0,2.8333333333333335,1337.0,2,0
Jetbrains,37,3,3,33,3,3,33,0.0,0,0,0.0,5.571428571428571,8.454168639E9,3,0
Editor de imagem,18,5,5,14,3,2,15,0.3333333333333333,1,0,1.0,3.1666666666666665,464.0,1,1
Modelo de Característica para Entidades Urbanas,11,1,10,10,1,0,10,0.8181818181818182,0,0,0.0,10.0,512.0,0,0
bCMS system,66,33,2,44,6,8,44,0.18181818181818182,0,0,0.0,2.433333333333333,552960.0,2,6
Thread,44,11,1,26,13,7,26,0.3409090909090909,0,0,0.0,2.0,80658.0,0,7
poker spl,11,3,4,7,3,1,7,0.36363636363636365,0,0,0.0,2.2,21.0,0,1
Webshop_SPLE2014_Chalmers,11,5,6,8,3,2,10,0.09090909090909091,1,1,1.0,2.4,8.0,1,1
Bike Shop,21,3,5,15,5,5,27,0.09523809523809523,9,3,0.0,2.272727272727273,70.0,1,4
LPS Robot Industrial Arduino,38,9,2,25,6,10,25,0.07894736842105263,0,0,0.0,2.0434782608695654,187488.0,4,6
SOLAR VLE Discussion Forum,40,16,7,27,5,5,36,0.225,9,0,0.0,2.4444444444444446,13056.0,0,5
Gsist,17,8,8,13,3,3,13,0.058823529411764705,0,0,0.0,2.7142857142857144,84.0,2,1
iNavBasic,15,12,6,7,3,0,7,0.13333333333333333,0,0,0.0,1.75,4.0,0,0
Mobile Media Adriano Lages,17,5,3,11,3,2,11,0.29411764705882354,0,0,0.0,2.25,420.0,1,1
AmazonEC2,35,2,3,24,6,9,29,0.14285714285714285,5,0,1.0,2.15,1758.0,0,9
HandlingSystem,11,0,4,6,8,10,6,0.0,0,0,0.0,1.3333333333333333,1.0,9,1
Simaldores de Engenharia de Software,16,4,6,11,3,4,11,0.125,0,0,0.0,2.111111111111111,96.0,0,4
Reference Management Softwares Feature Model,31,7,4,23,4,4,24,0.2903225806451613,1,0,1.0,2.8333333333333335,245760.0,3,1
PhotoSahring,76,14,4,49,8,21,49,0.06578947368421052,0,0,0.0,2.0,5.7354780672E12,16,5
Siga,19,4,3,12,4,4,16,0.15789473684210525,2,2,1.0,2.0,192.0,2,2
MobileMedia_MarinaMB,15,7,3,9,3,1,10,0.4,1,0,1.0,2.142857142857143,24.0,0,1
ProductosCredito,38,14,2,25,9,5,29,0.15789473684210525,4,0,0.0,2.3333333333333335,12636.0,0,5
Maquina de Cafe,10,2,4,7,3,2,7,0.2,0,0,0.0,2.2,36.0,1,1
Inventory,37,9,2,28,4,6,33,0.16216216216216217,0,5,1.0,2.8,2028096.0,4,2
SmartTV,96,13,16,76,4,14,76,0.1875,0,0,0.0,3.2058823529411766,4.6766358422784E16,7,7
Agent Illustration System,37,20,10,26,3,2,26,0.21621621621621623,0,0,0.0,2.923076923076923,57600.0,2,0
Bike Computer Family,32,13,5,22,5,6,28,0.125,6,0,1.0,2.3125,240.0,0,6
Dummy Car,12,4,5,9,3,3,9,0.0,0,0,0.0,2.3333333333333335,9.0,0,3
GymManager,22,9,9,15,4,2,15,0.36363636363636365,0,0,0.0,2.5555555555555554,540.0,1,1
AGORA,14,4,3,8,4,3,8,0.21428571428571427,0,0,0.0,1.7777777777777777,120.0,3,0
IDE4OCL,14,7,7,12,2,0,12,0.42857142857142855,0,0,0.0,6.5,64.0,0,0
Gophone messaging,29,13,7,20,6,2,20,0.3103448275862069,0,0,1.0,2.727272727272727,9024.0,2,0
OPEN ERP,49,35,2,46,2,0,46,0.2653061224489796,0,0,0.0,16.0,8192.0,0,0
Emergency Response Application,43,22,3,32,4,5,32,0.13953488372093023,0,0,0.0,2.9375,23040.0,4,1
Toko,72,20,9,49,5,14,49,0.19444444444444445,0,0,1.0,2.2972972972972974,4.0824E11,13,1
Address Book,12,4,5,9,2,0,9,0.5833333333333334,0,0,0.0,3.6666666666666665,72.0,0,0
User Model,14,3,7,11,3,2,13,0.2857142857142857,2,0,1.0,3.0,144.0,1,1
Smartwatch,10,2,3,6,3,3,9,0.1,2,1,0.0,1.7142857142857142,14.0,1,2
MoviesApp PL,13,4,4,7,4,3,7,0.15384615384615385,0,0,0.0,1.6666666666666667,24.0,0,3
ISI bikes,96,13,23,72,3,21,88,0.16666666666666666,11,5,1.0,2.577777777777778,3.7156231224E13,5,16
DelayBlockSemSpec,23,8,7,16,3,1,23,0.30434782608695654,7,0,0.0,2.875,41.0,0,1
Web_Portal,43,8,5,28,5,6,35,0.3953488372093023,4,3,1.0,2.2857142857142856,2120800.0,3,3
ATM Software,29,7,3,23,4,3,23,0.41379310344827586,0,0,0.0,3.4444444444444446,43008.0,1,2
FrameWorkProdemge,87,6,2,67,6,1,67,0.896551724137931,0,0,0.0,4.142857142857143,1.52539358336E11,0,1
MobiCent,45,10,6,32,5,6,32,0.3333333333333333,0,0,0.0,2.6315789473684212,1.57437E8,4,2
Test Collaboration System,16,0,5,11,3,4,12,0.4375,0,1,1.0,2.111111111111111,936.0,3,1
Mobile Phone,20,9,4,13,4,2,13,0.3,0,0,1.0,2.3333333333333335,162.0,1,1
Android51_Contrast,41,12,3,25,7,5,25,0.12195121951219512,0,0,0.0,2.142857142857143,13200.0,0,5
Eshop-ufrj,12,3,4,8,3,3,8,0.08333333333333333,0,0,0.0,2.0,48.0,2,1
Mobile Games,16,1,6,9,3,1,13,0.625,0,4,15.0,2.0,3645.0,1,0
Minimalistic PC Feature Model,10,4,4,7,3,2,11,0.1,4,0,1.0,2.2,4.0,0,2
Basic Text Editor,17,9,6,13,2,0,13,0.4117647058823529,0,0,0.0,4.0,96.0,0,0
Mobile media v6,18,13,2,12,3,0,12,0.2222222222222222,0,0,0.0,2.8333333333333335,16.0,0,0
GoPhone,77,40,18,57,5,1,57,0.44155844155844154,0,0,0.0,3.6666666666666665,1.70366976E9,0,1
modelo mobilemedia,16,10,3,10,3,1,11,0.1875,1,0,1.0,2.2857142857142856,12.0,0,1
TrafficLight,44,12,10,31,5,10,39,0.0,3,5,0.0,2.3043478260869565,97200.0,2,8
ProfileItems,78,0,13,66,3,12,104,0.1794871794871795,25,13,2.0,3.7083333333333335,8.044546587E11,9,3
Feature Model for T-mall,40,25,8,31,5,4,33,0.075,0,2,1.0,3.3076923076923075,2352.0,4,0
Search_Engine_PL,14,2,4,10,4,2,11,0.35714285714285715,1,0,1.0,2.5,126.0,1,1
Ubuntu1410_TextSize,13,0,2,4,7,1,4,0.7692307692307693,0,0,0.0,1.3,60.0,0,1
SmartPhone Device,17,4,7,12,3,4,17,0.17647058823529413,5,0,2.0,2.2222222222222223,192.0,0,4
Mobile Phone Software,10,2,4,7,3,2,10,0.2,2,1,1.0,2.2,14.0,1,1
MarketPlace-Sample,13,10,4,10,2,0,10,0.15384615384615385,0,0,0.0,4.0,3.0,0,0
Autosoft,10,0,2,6,3,0,6,0.9,0,0,0.0,2.25,122.0,0,0
MayaModel,57,31,8,38,5,7,39,0.15789473684210525,1,0,1.0,2.423076923076923,206976.0,4,3
G10-music player,13,6,2,11,2,1,11,0.0,0,0,0.0,4.333333333333333,63.0,1,0
tool analysis,31,1,9,19,5,8,19,0.3548387096774194,0,0,0.0,1.9,184320.0,5,3
VMS,15,3,9,12,4,6,12,0.2,0,0,0.0,2.2222222222222223,44.0,4,2
WebApp,10,1,4,7,3,0,7,0.8,0,0,0.0,3.0,160.0,0,0
Phone,10,2,4,7,2,0,7,0.7,0,0,1.0,3.0,46.0,0,0
Database Tool,40,6,10,32,3,7,32,0.175,0,0,0.0,3.066666666666667,1.0411968E8,5,2
TiendaEnLinea,24,5,8,20,3,2,20,0.5,0,0,1.0,4.166666666666667,15872.0,1,1
Speech Recognition,75,31,3,52,7,13,52,0.05333333333333334,0,0,0.0,2.4166666666666665,652800.0,0,13
Alarm System,13,2,6,10,3,4,12,0.15384615384615385,1,1,1.0,2.2857142857142856,42.0,2,2
Plone Meeting,57,13,7,41,4,9,41,0.22807017543859648,0,0,0.0,2.6,8.77658112E9,5,4
Buscame,12,3,3,8,3,3,8,0.0,0,0,0.0,2.0,18.0,0,3
Text_Editor,18,6,2,10,4,1,10,0.4444444444444444,0,0,0.0,2.0,396.0,0,1
Monitor_Engine_System,17,10,2,11,4,2,12,0.058823529411764705,0,1,1.0,2.25,28.0,1,1
Student Attendance System,23,5,5,17,3,5,21,0.0,2,2,1.0,2.4545454545454546,15210.0,3,2
Tree Stem Deformation Simulator,43,13,9,28,5,10,33,0.046511627906976744,0,5,0.0,2.08,1202985.0,10,0
Equipo 6 - Uniandes - MP,62,43,7,49,4,2,49,0.20967741935483872,0,0,0.0,4.2,18624.0,0,2
Ubuntu1410_Contrast,43,6,4,25,7,5,25,0.27906976744186046,0,0,0.0,2.0434782608695654,13680.0,0,5
USECASE_Test,64,3,7,52,5,11,56,0.0625,3,1,1.0,3.217391304347826,2795520.0,3,8
SEPFeatureModel,33,10,7,21,4,2,21,0.6060606060606061,0,0,0.0,2.4285714285714284,52500.0,0,2
DATABASE_TOOLS,70,3,15,60,3,7,66,0.2857142857142857,5,1,2.0,4.470588235294118,9.8366227231014912E16,6,1
Software Stack,37,1,2,25,8,11,37,0.05405405405405406,9,3,1.0,2.0434782608695654,17073.0,3,8
drupal sawsen,10,3,4,5,5,3,6,0.3,0,1,1.0,1.5,8.0,1,2
Mobile Tourist Planner,10,3,4,7,3,2,7,0.1,0,0,0.0,2.2,28.0,1,1
ISA11/12_pgr,19,5,6,13,3,4,20,0.15789473684210525,6,1,1.0,2.2,72.0,1,3
MiniRPG,13,8,2,7,3,0,7,0.3076923076923077,0,0,0.0,2.0,16.0,0,0
ebay,40,13,14,30,5,8,32,0.05,1,1,1.0,2.611111111111111,2103120.0,6,2
MobileApps Multiplatform,29,5,3,23,4,2,30,0.41379310344827586,3,4,0.0,3.75,355688.0,1,1
Video Player,53,14,6,33,5,9,33,0.32075471698113206,0,0,1.0,2.103448275862069,8.4446208E8,9,0
Connector PL,20,4,2,10,9,7,10,0.05,0,0,0.0,1.5294117647058822,18.0,1,6
IntelligentTutoringSystem,12,3,4,8,3,2,8,0.3333333333333333,0,0,1.0,2.1666666666666665,84.0,2,0
Audio Player,15,9,2,9,4,1,9,0.2,0,0,0.0,2.142857142857143,12.0,0,1
E-science application,61,1,3,43,8,16,46,0.11475409836065574,1,2,1.0,2.235294117647059,4.7185922E8,5,11
Eclipse Platform,29,0,4,20,5,3,20,0.6896551724137931,0,0,1.0,2.5833333333333335,983150.0,3,0
Stack PL,17,2,5,11,4,4,11,0.23529411764705882,0,0,0.0,2.0,432.0,1,3
Jogo de Tiros,37,18,12,25,4,6,40,0.08108108108108109,13,2,36.0,2.3333333333333335,1296.0,1,5
Online Bookstore,25,6,3,16,5,6,18,0.12,0,2,1.0,2.0,3168.0,3,3
Adempiere,43,36,3,32,4,0,32,0.13953488372093023,0,0,0.0,3.8181818181818183,64.0,0,0
E-commerce system,53,44,7,35,8,4,35,0.05660377358490566,0,0,0.0,2.5454545454545454,18.0,1,3
JCalc_LPS,22,5,7,17,3,3,17,0.2727272727272727,0,0,0.0,3.0,1152.0,0,3
OW2-FraSCAti-1.4,63,18,8,48,5,2,48,0.6190476190476191,0,0,0.0,3.764705882352941,1.6840776E9,0,2
MarketplaceMiso,35,21,6,28,2,0,28,0.37142857142857144,0,0,0.0,4.857142857142857,6144.0,0,0
Devolution,32,10,7,20,7,4,20,0.375,0,0,0.0,2.1875,34632.0,3,1
mac,39,1,10,28,8,5,28,0.5641025641025641,0,0,0.0,2.6875,7302400.0,0,5
IDE4OCL,18,7,7,15,4,1,15,0.3888888888888889,0,0,0.0,4.5,896.0,1,0
Assistente de Compras,11,4,4,6,4,2,6,0.18181818181818182,0,0,0.0,1.7142857142857142,24.0,1,1
Prontuário Eletrônico de Pacientes,10,5,4,6,2,0,6,0.4,0,0,0.0,2.25,10.0,0,0
Experiment environment,35,1,2,29,4,6,57,0.0,9,19,1.0,3.3333333333333335,2326875.0,5,1
Software-Product,19,9,9,12,2,0,12,0.47368421052631576,0,0,0.0,2.5714285714285716,512.0,0,0
Key_Word_In_Context_index_systems,25,8,4,16,4,6,19,0.08,3,0,0.0,2.0,240.0,1,5
VOTE4ME Serveur,23,5,5,15,7,7,15,0.0,0,0,0.0,1.9333333333333333,810.0,4,3
Bike Computer Release,36,30,5,22,6,0,22,0.1388888888888889,0,0,1.0,2.5,8.0,0,0
MyHolidays,13,3,5,9,3,3,9,0.15384615384615385,0,0,0.0,2.142857142857143,112.0,1,2
E-science application,61,1,3,43,8,16,43,0.11475409836065574,0,0,0.0,2.235294117647059,7.5497474E8,5,11
Navigation Protocol,16,7,6,11,4,3,11,0.0625,0,0,0.0,2.25,56.0,2,1
DeReTiYo,31,11,8,23,4,5,23,0.16129032258064516,0,0,0.0,2.6923076923076925,11520.0,2,3
GMF_Eclipse_Reuso_UFRJ,25,23,6,18,2,0,18,0.04,0,0,0.0,3.4285714285714284,2.0,0,0
ebay,40,13,14,30,5,8,32,0.05,1,1,1.0,2.611111111111111,2103120.0,6,2
Swap MArketplace,43,26,7,34,3,0,34,0.37209302325581395,0,0,1.0,4.666666666666667,2376.0,0,0
Graph Product Line,17,2,4,12,3,4,22,0.11764705882352941,4,6,0.0,2.2222222222222223,79.0,1,3
RTBB,29,11,5,19,4,5,19,0.034482758620689655,0,0,0.0,2.2,44100.0,4,1
DelayBlockSemSpec,23,8,7,16,3,1,23,0.30434782608695654,7,0,0.0,2.875,41.0,0,1
Premium1Nemocon,32,4,8,21,5,10,21,0.125,0,0,0.0,1.9523809523809523,1128960.0,7,3
J2EE web architecture,77,27,17,46,5,11,46,0.35064935064935066,0,0,0.0,2.0714285714285716,1.81398528E10,4,7
HybridCar,10,1,1,8,3,1,8,0.0,0,0,0.0,3.3333333333333335,255.0,1,0
Android60_TextSize,10,2,2,5,4,1,5,0.3,0,0,0.0,1.6666666666666667,16.0,0,1
SPL SimulES- PnP,59,18,3,38,5,14,38,0.13559322033898305,0,0,0.0,2.057142857142857,4.1140224E7,1,13
Mobile Media,13,5,3,8,3,2,10,0.15384615384615385,1,1,1.0,2.0,24.0,1,1
Middle Office,16,14,5,10,3,0,10,0.0625,0,0,0.0,2.5,2.0,0,0
Counter Strike Simple Feature Model,24,4,3,17,4,5,20,0.125,0,3,1.0,2.3333333333333335,18176.0,5,0
Simnumero,10,2,2,2,8,0,2,0.7,0,0,0.0,1.125,8.0,0,0
Parking lot Manager,13,5,4,8,4,1,9,0.38461538461538464,1,0,1.0,2.1666666666666665,16.0,0,1
BankingSoftware,176,46,3,148,7,16,152,0.4375,4,0,0.0,4.340909090909091,5.258227990362193E31,6,10
SPL-Doctor Chat,34,5,9,24,4,7,24,0.20588235294117646,0,0,0.0,2.3529411764705883,2752512.0,6,1
UML-IDE-TOOL,14,2,3,11,4,1,11,0.6428571428571429,0,0,0.0,3.5,1536.0,1,0
Invio,24,4,4,17,5,4,18,0.3333333333333333,0,1,0.0,2.4545454545454546,23520.0,3,1
Amazon web services,18,1,1,13,5,4,13,0.0,0,0,0.0,2.3333333333333335,8191.0,4,0
Ubuntu,11,3,4,7,3,3,7,0.09090909090909091,0,0,1.0,1.8571428571428572,12.0,0,3
Control Biometrico,35,14,9,23,5,6,27,0.2,1,3,0.0,2.2222222222222223,23040.0,5,1
LscSpecSemantics,17,5,4,10,4,5,10,0.058823529411764705,0,0,0.0,1.75,40.0,0,5
Tree Stem Deformation Simulator,43,13,9,28,5,10,33,0.046511627906976744,0,5,0.0,2.08,1202985.0,10,0
Pricing,33,4,5,25,5,7,25,0.030303030303030304,0,0,0.0,2.6,673785.0,5,2
Game Entity Model,21,5,3,14,4,3,14,0.3333333333333333,0,0,0.0,2.3,513.0,0,3
ETRobocon,11,3,2,8,3,1,8,0.2727272727272727,0,0,0.0,2.75,120.0,1,0
pruebapalabras,14,4,3,8,4,3,8,0.07142857142857142,0,0,0.0,1.7777777777777777,72.0,2,1
Billing,88,11,11,74,4,2,102,0.5113636363636364,0,28,0.0,5.5625,3.8654705664E12,1,1
Webmail,81,32,8,55,6,7,55,0.35802469135802467,0,0,0.0,2.6363636363636362,4.4927301888E11,7,0
Jogo de Tiros,37,18,12,25,4,6,40,0.08108108108108109,13,2,36.0,2.3333333333333335,1296.0,1,5
GuideAgent,17,11,4,12,3,2,17,0.0,0,5,0.0,2.5714285714285716,11.0,2,0
Windows81_Contrast,83,32,1,51,10,8,51,0.18072289156626506,0,0,0.0,2.25,3580200.0,0,8
MobiLine,17,8,4,9,5,2,11,0.17647058823529413,0,2,1.0,1.8,112.0,2,0
UPL,11,3,2,7,6,2,7,0.18181818181818182,0,0,0.0,2.0,18.0,1,1
Toko,56,18,9,37,5,10,37,0.19642857142857142,0,0,1.0,2.2413793103448274,2.322432E8,9,1
Sistem Informasi Rumah Sakit MIK,45,3,8,34,5,12,34,0.06666666666666667,0,0,0.0,2.4347826086956523,6.6028032E9,11,1
Bike Computer,37,19,2,23,5,5,23,0.13513513513513514,0,0,1.0,2.1578947368421053,8064.0,3,2
IntelligentTutoringSystem,12,3,4,8,3,2,8,0.3333333333333333,0,0,1.0,2.1666666666666665,84.0,2,0
Cruise Control SPL,19,4,4,14,3,2,16,0.42105263157894735,0,2,0.0,2.857142857142857,776.0,2,0
Simple e-shop,10,3,4,7,3,2,9,0.1,1,1,1.0,2.2,20.0,1,1
Video On Demand FM,13,4,6,10,3,3,15,0.07692307692307693,2,3,0.0,2.5,16.0,2,1
MobileMedia_Conejero,25,16,3,15,3,0,15,0.32,0,0,0.0,2.4,256.0,0,0
sftcam,23,6,10,17,3,5,26,0.17391304347826086,9,0,1.0,2.4545454545454546,198.0,0,5
MayaVariabilityModel,54,36,9,45,4,4,45,0.09259259259259259,0,0,1.0,4.384615384615385,5544.0,2,2
Tankwar,36,7,7,25,4,8,25,0.19444444444444445,0,0,0.0,2.263157894736842,580608.0,2,6
SmartHotel,13,1,5,9,4,2,9,0.46153846153846156,0,0,1.0,2.3333333333333335,102.0,1,1
xtext,137,41,13,102,7,0,102,0.6934306569343066,0,0,1.0,3.8857142857142857,1.3079318200766928E23,0,0
Marketplace para PYMES,31,19,8,22,2,0,22,0.3548387096774194,0,0,0.0,3.3333333333333335,960.0,0,0
E-portal,11,5,4,8,4,1,8,0.2727272727272727,0,0,0.0,2.75,16.0,1,0
Ligne des sites Web,25,7,3,16,5,4,21,0.28,3,2,0.0,2.1538461538461537,181.0,2,2
PhysEval,14,6,6,11,3,1,14,0.2857142857142857,0,3,2.0,3.5,54.0,1,0
Ubuntu1204_Contrast,49,10,3,30,7,5,30,0.1836734693877551,0,0,0.0,2.2083333333333335,5776.0,0,5
PetSof,21,16,3,15,3,0,15,0.19047619047619047,0,0,0.0,3.3333333333333335,12.0,0,0
E-Shop_mjaved_UN,10,4,9,9,1,0,9,0.5,0,0,0.0,9.0,32.0,0,0
Weather Station,11,2,3,7,3,3,9,0.09090909090909091,0,2,1.0,1.8571428571428572,44.0,2,1
Mac1010_Contrast,45,25,2,25,8,2,25,0.2,0,0,0.0,2.090909090909091,12288.0,0,2
Respaldo de base de datos (Poda),20,18,3,15,3,0,15,0.05,0,0,0.0,3.8,2.0,0,0
TVSmart,14,4,5,9,5,3,10,0.21428571428571427,1,0,1.0,2.0,28.0,0,3
Android60_Contrast,42,12,3,26,7,5,26,0.14285714285714285,0,0,0.0,2.1904761904761907,26400.0,0,5
Plone Meeting,57,13,7,41,4,9,41,0.22807017543859648,0,0,0.0,2.6,8.77658112E9,5,4
Android51_TextSize,33,8,2,22,7,5,22,0.030303030303030304,0,0,0.0,2.3125,480.0,0,5
IOS5_Contrast,16,0,1,10,6,1,10,0.625,0,0,0.0,2.2857142857142856,254.0,0,1
E-commerce,44,32,7,32,4,1,33,0.1590909090909091,1,0,1.0,3.3846153846153846,320.0,0,1
Owncloud,37,18,1,23,5,9,27,0.0,4,0,0.0,1.9565217391304348,512.0,0,9
Mobile Media_LeonardoSilva,16,7,3,10,3,1,10,0.375,0,0,1.0,2.2857142857142856,48.0,0,1
Toko,49,17,7,32,5,9,32,0.14285714285714285,0,0,1.0,2.1923076923076925,9031680.0,8,1
ScrollingText,29,9,7,19,4,7,30,0.0,8,3,0.0,2.0588235294117645,192.0,1,6
Control biometrico,38,13,12,26,4,7,34,0.18421052631578946,1,7,0.0,2.3157894736842106,45696.0,6,1
prueba,26,9,5,18,4,3,20,0.2692307692307692,2,0,1.0,2.5454545454545454,720.0,0,3
Webmail,81,32,8,55,6,7,55,0.35802469135802467,0,0,0.0,2.6363636363636362,4.4927301888E11,7,0
Webshop,46,10,10,34,3,2,37,0.6304347826086957,2,1,1.0,3.357142857142857,8.153726976E9,1,1
SPL SimulES- PnP,53,14,3,35,6,11,35,0.22641509433962265,0,0,0.0,2.1724137931034484,9.7327104E7,3,8
Minimalistic PC Feature Model,10,4,4,7,3,2,11,0.1,4,0,1.0,2.2,4.0,0,2
IRIS,18,4,6,13,4,4,20,0.16666666666666666,2,5,1.0,2.3333333333333335,2352.0,3,1
Prontuário Eletrônico de Pacientes,10,5,4,6,2,0,6,0.4,0,0,0.0,2.25,10.0,0,0
FAME-DBMS,21,6,4,13,6,5,13,0.19047619047619047,0,0,0.0,1.9230769230769231,320.0,0,5
Wireless sensor actuator network,44,3,4,33,4,2,33,0.6363636363636364,0,0,0.0,3.4615384615384617,1.3441204224E10,2,0
RST Game,19,3,5,13,3,5,13,0.10526315789473684,0,0,0.0,2.090909090909091,1440.0,2,3
portafolioContreras,22,6,5,15,4,4,15,0.22727272727272727,0,0,0.0,2.272727272727273,1536.0,2,2
Windows70_TextSize,16,14,1,6,6,0,6,0.0625,0,0,0.0,1.5,2.0,0,0
Car Software System,18,7,2,12,5,3,12,0.16666666666666666,0,0,1.0,2.2222222222222223,70.0,2,1
Mobile Game,10,1,3,6,3,1,6,0.4,0,0,0.0,2.0,135.0,1,0
VR application,29,9,8,19,4,5,22,0.20689655172413793,2,1,1.0,2.2,3276.0,2,3
EC2,20,3,3,12,7,7,12,0.0,0,0,0.0,1.7333333333333334,32.0,0,7
SWAMP Platform,29,18,9,20,4,3,20,0.13793103448275862,0,0,0.0,2.5833333333333335,360.0,3,0
Dental Surgery,10,5,6,8,3,3,8,0.1,0,0,0.0,2.4,2.0,0,3
MobileMedia_BrunoMartins,16,6,3,10,3,2,10,0.25,0,0,0.0,2.125,140.0,1,1
HandlingSystem,11,0,4,6,8,10,6,0.0,0,0,0.0,1.3333333333333333,1.0,9,1
Electronic Shopping,290,75,2,194,12,40,209,0.2827586206896552,0,15,0.0,2.4191176470588234,4.5204086093769845E49,40,0
Tienda Virtual PUJ,17,4,3,13,4,1,13,0.5294117647058824,0,0,0.0,3.4,816.0,0,1
ESCA Embeeded System,11,3,1,7,4,2,7,0.0,0,0,0.0,2.0,10.0,0,2
Urna eletronica Vinicius Cesar,15,5,3,11,4,4,11,0.0,0,0,0.0,2.25,6.0,0,4
Multiplicador de n matrices,12,2,4,8,3,3,8,0.16666666666666666,0,0,0.0,2.0,18.0,0,3
TreeStemDeformationMeshingTool,32,6,7,21,5,10,25,0.03125,0,4,1.0,1.9523809523809523,157584.0,10,0
PGE-FeatureModel_V1,48,8,13,35,5,12,35,0.10416666666666667,0,0,0.0,2.36,8.2954368E8,7,5
SMS a Cobrar / Resposta paga,17,8,8,12,3,1,12,0.4117647058823529,0,0,1.0,2.8333333333333335,96.0,1,0
Meshing Tool Generator,40,6,12,28,3,11,37,0.2,4,5,0.0,2.1739130434782608,294912.0,5,6
Java EE 6 - Camilo Fierro,45,0,11,33,5,11,33,0.24444444444444444,0,0,0.0,2.391304347826087,1.0469376E9,7,4
Cellphone,11,2,3,7,3,3,11,0.09090909090909091,3,1,1.0,1.8571428571428572,14.0,1,2
MLX,37,8,2,26,6,4,32,0.4594594594594595,1,5,0.0,2.6666666666666665,142970.0,1,3
AudioPlayer,17,9,3,12,4,1,12,0.29411764705882354,0,0,0.0,2.8333333333333335,96.0,1,0
UP estructural,97,16,2,65,13,24,66,0.27835051546391754,1,0,0.0,2.142857142857143,1.480856961024E13,9,15
Online Shop Feature Model,12,3,3,8,3,3,8,0.0,0,0,0.0,2.0,42.0,1,2
Observatorio,11,5,2,4,6,2,4,0.2727272727272727,0,0,0.0,1.3333333333333333,8.0,2,0
MISO Uniandes 201411102,17,8,4,12,2,0,12,0.47058823529411764,0,0,0.0,3.2,120.0,0,0
Loja Virtual,11,3,2,7,4,2,9,0.09090909090909091,0,2,1.0,2.0,56.0,2,0
blog-Gabriel-magister2014,29,8,8,20,4,5,21,0.27586206896551724,1,0,2.0,2.357142857142857,10356.0,2,3
Help System,25,6,6,17,5,7,20,0.0,0,3,1.0,2.066666666666667,1008.0,1,6
Mobile Guide,51,20,12,29,6,0,29,0.5882352941176471,0,0,1.0,2.272727272727273,3.383808E7,0,0
Arcade Game PL Feature Model,61,18,2,47,8,9,80,0.08196721311475409,0,33,0.0,3.0,3.299733576E9,9,0
body comfort system,27,6,3,17,4,2,21,0.4444444444444444,1,3,0.0,2.3333333333333335,11616.0,1,1
CIMS PL,10,9,5,8,2,0,8,0.0,0,0,0.0,4.5,1.0,0,0
WebCollaborativeApplication,40,8,16,32,4,2,32,0.625,0,0,0.0,4.1,3.52512E7,1,1
PhotoSahring,76,14,4,49,8,21,49,0.06578947368421052,0,0,0.0,2.0,5.7354780672E12,16,5
STM 32,36,21,21,31,3,14,31,0.0,0,0,0.0,2.5789473684210527,1.0,14,0
SHIFT QAs,14,4,2,8,5,4,8,0.0,0,0,0.0,1.7,24.0,1,3
Mobile Media JULIO,14,6,3,9,3,1,10,0.42857142857142855,1,0,1.0,2.3333333333333335,24.0,0,1
Dental Surgery,10,5,6,8,3,3,8,0.1,0,0,0.0,2.4,2.0,0,3
GoPhone Inc,16,0,5,10,3,0,10,0.9375,0,0,0.0,2.5,3150.0,0,0
HDD Seagate,27,5,6,20,3,6,36,0.037037037037037035,16,0,0.0,2.4615384615384617,560.0,1,5
Card Payment Terminal,21,4,4,14,5,5,20,0.09523809523809523,0,6,1.0,2.0833333333333335,4774.0,5,0
Warren,37,20,3,24,7,4,25,0.05405405405405406,1,0,2.0,2.3529411764705883,1028.0,1,3
Video CMS,36,9,9,28,5,8,28,0.19444444444444445,0,0,0.0,2.6875,378000.0,6,2
Automotive system,31,8,5,20,6,8,31,0.0967741935483871,9,2,0.0,2.0,1344.0,1,7
Toko,63,19,9,43,5,11,43,0.2222222222222222,0,0,1.0,2.3548387096774195,6.53184E9,10,1
NOVASOFT,49,48,3,45,2,0,45,0.0,0,0,0.0,12.0,1.0,0,0
ScrollingText,27,7,7,19,3,7,30,0.0,4,7,1.0,2.2,1440.0,2,5
Graph,30,16,1,19,6,3,19,0.23333333333333334,0,0,0.0,2.2857142857142856,192.0,0,3
Mobile Applications Contents,22,5,4,17,3,1,17,0.5,0,0,0.0,3.6666666666666665,5280.0,0,1
Assistencia domiciliar,25,6,7,16,4,7,18,0.12,0,2,1.0,1.9375,5796.0,7,0
Tata Cars,13,5,4,8,3,2,8,0.15384615384615385,0,0,0.0,2.0,24.0,1,1
Windows .NET,13,6,9,11,3,2,11,0.3076923076923077,0,0,0.0,3.5,16.0,2,0
Flight Reservations,15,5,4,10,5,4,12,0.0,0,2,1.0,2.0,126.0,4,0
Ubuntu1204_TextSize,17,4,1,6,8,2,6,0.35294117647058826,0,0,0.0,1.3846153846153846,32.0,0,2
MLX,37,8,2,26,6,4,32,0.4594594594594595,1,5,0.0,2.6666666666666665,142970.0,1,3
Inventory,37,9,2,28,4,6,33,0.16216216216216217,0,5,1.0,2.8,2028096.0,4,2
Torrent Client,29,2,12,21,3,6,25,0.3793103448275862,1,3,1.0,2.4285714285714284,147456.0,3,3
FQAs v2 7ctcs,178,32,1,124,9,43,133,0.09550561797752809,2,7,0.0,2.268041237113402,2.934973779180551E24,14,29
WebKit overview,19,4,3,13,4,4,23,0.05263157894736842,10,0,1.0,2.2,87.0,0,4
FIRE-ALARM,19,4,2,10,6,7,16,0.0,6,0,1.0,1.5625,18.0,4,3
Jetbrains,33,13,3,25,4,2,28,0.2727272727272727,3,0,2.0,3.4,4884.0,0,2
Configurable Tank,24,9,3,14,4,6,16,0.08333333333333333,2,0,1.0,1.8125,108.0,1,5
FM ERP-SPL,57,28,6,37,6,6,39,0.24561403508771928,0,2,1.0,2.3846153846153846,1292544.0,6,0
RaaS,32,2,19,28,3,3,28,0.53125,0,0,0.0,4.857142857142857,1.2582912E8,3,0
SlotsAndModules,28,5,2,18,4,7,36,0.14285714285714285,18,0,0.0,2.0,6.0,0,7
Sistema de Informes por movil,28,6,8,21,3,6,35,0.07142857142857142,10,4,0.0,2.5384615384615383,534.0,2,4
Limerick Bike Sharing System,34,25,6,26,5,2,26,0.029411764705882353,0,0,0.0,3.5,48.0,1,1
Virtual_Office_of_the_Future,14,6,3,8,5,1,8,0.35714285714285715,0,0,0.0,2.0,48.0,0,1
e-commerce,15,4,4,11,4,2,11,0.2,0,0,0.0,2.6666666666666665,213.0,1,1
IIoT,11,4,4,7,3,2,10,0.09090909090909091,2,1,1.0,2.0,17.0,1,1
VOD feature model,11,5,7,8,2,0,8,0.45454545454545453,0,0,1.0,3.3333333333333335,32.0,0,0
Windows70_Contrast,59,15,1,40,10,7,40,0.1694915254237288,0,0,0.0,2.5,379260.0,0,7
Congress Assistant,12,2,4,8,5,3,8,0.16666666666666666,0,0,0.0,2.0,48.0,1,2
NCV_Simulation,13,7,2,7,5,1,7,0.23076923076923078,0,0,0.0,1.8571428571428572,18.0,1,0
NoEsCameron (SPL),25,11,7,18,4,3,24,0.2,0,6,1.0,2.7,840.0,3,0
Hastane Randevu Sistemi,17,4,6,12,3,4,22,0.11764705882352941,8,2,16.0,2.2222222222222223,216.0,1,3
GitFlow,12,11,6,7,4,0,7,0.0,0,0,0.0,2.2,1.0,0,0
HelpSystem_2,26,9,7,18,3,6,21,0.0,0,3,0.0,2.2142857142857144,96.0,1,5
Reference Management Softwares Feature Model,31,6,4,23,4,4,34,0.3225806451612903,1,10,1.0,2.8333333333333335,87480.0,3,1
ModelTransformation,88,17,8,55,9,25,55,0.125,0,0,0.0,1.9310344827586208,1.655417088E13,14,11
Smart_Home,28,2,6,19,4,2,19,0.6785714285714286,0,0,1.0,2.6363636363636362,182280.0,1,1
Magister 2014-ROLOG,13,4,10,11,3,1,11,0.46153846153846156,0,0,0.0,4.333333333333333,96.0,0,1
Simple Drawing Tools,14,2,2,11,3,2,11,0.0,0,0,0.0,3.0,1905.0,2,0
Flight Reservations,15,5,4,10,5,4,12,0.0,0,2,1.0,2.0,126.0,4,0
Mobile Media until relase 7,17,9,3,12,3,1,12,0.23529411764705882,0,0,0.0,2.8333333333333335,112.0,1,0
VacacionesSanmiguel,25,3,9,18,4,5,24,0.28,0,6,1.0,2.4166666666666665,28764.0,5,0
Home_Automation_System,17,1,3,13,3,3,13,0.17647058823529413,0,0,0.0,2.7142857142857144,4096.0,3,0
AvionFEatures,10,4,5,7,3,2,7,0.1,0,0,0.0,2.2,12.0,2,0
Assess4me,40,19,4,24,6,5,24,0.2,0,0,0.0,2.0952380952380953,6144.0,1,4
SimulesSPLBruno,19,15,4,13,3,0,13,0.15789473684210525,0,0,0.0,3.0,8.0,0,0
WindFarm,27,15,5,19,5,4,19,0.037037037037037035,0,0,0.0,2.5,72.0,0,4
FM ERP-SPL,42,23,5,29,4,3,31,0.23809523809523808,0,2,1.0,2.75,4320.0,3,0
B2B Website,37,23,3,29,4,2,29,0.13513513513513514,0,0,1.0,3.8,7200.0,2,0
Sastm,30,5,4,20,5,7,28,0.16666666666666666,0,8,0.0,2.1176470588235294,78240.0,7,0
Robot Calibration,33,10,9,23,3,8,30,0.0,4,3,0.0,2.2222222222222223,648.0,1,7
ETRobocon,11,3,2,8,3,1,8,0.2727272727272727,0,0,0.0,2.75,120.0,1,0
Buscame,12,3,3,8,3,3,8,0.0,0,0,0.0,2.0,18.0,0,3
E-portal,11,5,4,8,4,1,8,0.2727272727272727,0,0,0.0,2.75,16.0,1,0
eventos2,25,4,7,18,3,6,18,0.12,0,0,0.0,2.3076923076923075,10584.0,2,4
Applications,34,16,3,10,7,2,10,0.4411764705882353,0,0,2.0,1.3461538461538463,1944.0,2,0
E-Learning,24,5,4,17,4,4,18,0.3333333333333333,0,1,1.0,2.4545454545454546,10240.0,3,1
poker spl,11,3,4,7,3,1,7,0.36363636363636365,0,0,0.0,2.2,21.0,0,1
E-commerce system1,12,9,2,8,3,0,8,0.16666666666666666,0,0,0.0,2.75,3.0,0,0
Electric Car,10,3,6,8,3,1,8,0.4,0,0,0.0,3.3333333333333335,32.0,0,1
OnlineExamPL,18,12,5,11,5,1,11,0.16666666666666666,0,0,1.0,2.25,10.0,1,0
Micro Test,95,4,4,82,7,12,82,0.0,0,0,0.0,4.24,6.044629098073146E23,12,0
Mobile Media,14,8,3,8,3,2,8,0.14285714285714285,0,0,1.0,1.875,6.0,0,2
U-learning System,24,3,4,16,5,3,16,0.5,0,0,0.0,2.3636363636363638,59584.0,3,0
Physiological computing feature model,33,9,6,22,5,7,22,0.12121212121212122,0,0,1.0,2.1666666666666665,24180.0,2,5
Smart Queue,13,4,6,9,5,6,9,0.15384615384615385,0,0,0.0,1.8,4.0,0,6
LXEP,10,8,2,7,2,0,7,0.1,0,0,0.0,3.0,2.0,0,0
Jogo de Engenharia de Software,20,5,6,16,4,3,17,0.35,1,0,1.0,3.142857142857143,896.0,1,2
Text Editor,12,4,2,7,5,1,7,0.3333333333333333,0,0,1.0,2.0,11.0,0,1
Mobile Media,16,6,3,10,3,2,10,0.25,0,0,0.0,2.125,140.0,1,1
Mobile Media v2,43,12,14,31,5,7,33,0.23255813953488372,0,2,0.0,2.5789473684210527,2128896.0,4,3
Seguridad,10,3,4,6,3,1,6,0.5,0,0,0.0,2.0,24.0,1,0
FrameWorkProdemge,23,9,2,17,4,1,17,0.4782608695652174,0,0,0.0,3.2857142857142856,528.0,0,1
MasterSoft: Verkauf,26,14,2,14,6,2,14,0.2692307692307692,0,0,0.0,1.9285714285714286,384.0,0,2
CCCMS,12,3,6,9,3,1,9,0.3333333333333333,0,0,0.0,3.0,240.0,1,0
Video CMS,36,9,9,28,5,8,28,0.19444444444444445,0,0,0.0,2.6875,378000.0,6,2
Pip,14,13,8,12,2,0,12,0.0,0,0,0.0,6.5,1.0,0,0
Software Stack,37,1,2,25,8,11,37,0.05405405405405406,9,3,1.0,2.0434782608695654,17073.0,3,8
MobilePhone,25,8,4,17,4,4,17,0.24,0,0,1.0,2.3333333333333335,3528.0,4,0
B2B Website,37,23,3,29,4,2,29,0.13513513513513514,0,0,1.0,3.8,7200.0,2,0
SPLE robot assignment,23,7,5,14,5,7,20,0.0,3,3,0.0,1.8125,120.0,2,5
e-banking-IN0980,55,3,9,41,5,11,44,0.14545454545454545,3,0,0.0,2.6,5.1702726656E11,9,2
ABMS,12,0,2,7,3,0,7,0.9166666666666666,0,0,0.0,2.2,246.0,0,0
IOS5_TextSize,16,5,1,7,6,1,7,0.375,0,0,0.0,1.6,76.0,0,1
MobileMedia,10,2,4,7,3,1,7,0.4,0,0,0.0,2.5,30.0,0,1
TW SPL Hard Choices,12,9,2,9,2,0,9,0.16666666666666666,0,0,0.0,3.6666666666666665,4.0,0,0
Documentation_Generation,44,7,3,32,6,9,43,0.06818181818181818,1,10,0.0,2.4761904761904763,5.568156E7,5,4
